designator,value,package,manufacturer,mfr_part,lcsc,pins
C1,C1206,C1206,null,C1206,C9900018280,2
C10,DLC10P-C0805,C0805,null,DLC10P-C0805,C9900002367,2
C11,DLC10P-C0805,C0805,null,DLC10P-C0805,C9900002367,2
C12,DLC10P-C0805,C0805,null,DLC10P-C0805,C9900002367,2
C13,DLC10P-C0805,C0805,null,DLC10P-C0805,C9900002367,2
C14,DLC10P-C0805,C0805,null,DLC10P-C0805,C9900002367,2
C15,DLC10P-C0805,C0805,null,DLC10P-C0805,C9900002367,2
C16,DLC10P-C0805,C0805,null,DLC10P-C0805,C9900002367,2
C17,820nF,C0603,CCTC(三环),TCC0603X7R824K250CT,C5360807,2
C18,820nF,C0603,CCTC(三环),TCC0603X7R824K250CT,C5360807,2
C19,820nF,C0603,CCTC(三环),TCC0603X7R824K250CT,C5360807,2
C2,DLC10P-C0805,C0805,null,DLC10P-C0805,C9900002367,2
C20,820nF,C0603,CCTC(三环),TCC0603X7R824K250CT,C5360807,2
C21,820nF,C0603,CCTC(三环),TCC0603X7R824K250CT,C5360807,2
C22,DLC10P-C0805,C0805,null,DLC10P-C0805,C9900002367,2
C23,DLC10P-C0805,C0805,null,DLC10P-C0805,C9900002367,2
C24,DLC10P-C0805,C0805,null,DLC10P-C0805,C9900002367,2
C25,100nF,CAP-TH_L13.0-W6.0-P10.00-D0.6,TDK,B32921C3104M000,C361368,2
C26,100nF,CAP-TH_L13.0-W6.0-P10.00-D0.6,TDK,B32921C3104M000,C361368,2
C27,0.8pF,C0402,VIIYONG(微容),V0R8C0402COG500NBT,C609886,2
C28,0.8pF,C0402,VIIYONG(微容),V0R8C0402COG500NBT,C609886,2
C29,C1206,C1206,null,C1206,C9900018280,2
C3,C1206,C1206,null,C1206,C9900018280,2
C30,C1206,C1206,null,C1206,C9900018280,2
C31,C1206,C1206,null,C1206,C9900018280,2
C32,4.7uF,C2220,CCTC(三环),TCC2220X7R475K500GT,C377139,2
C4,C1206,C1206,null,C1206,C9900018280,2
C5,DLC10P-C0805,C0805,null,DLC10P-C0805,C9900002367,2
C6,C1206,C1206,null,C1206,C9900018280,2
C7,4.7uF,C2220,CCTC(三环),TCC2220X7R475K500GT,C377139,2
C8,C1206,C1206,null,C1206,C9900018280,2
C9,100nF,CAP-TH_L13.0-W6.0-P10.00-D0.6,TDK,B32921C3104M000,C361368,2
CN2,XY-SM02W-MXS-TB,CONN-SMD_XY-SM02W-MXS-TB,XYECONN(辛译),XY-SM02W-MXS-TB,C55057035,4
D1,ESDONCAN1LT1G,SOT-23-3_L2.9-W1.3-P1.90-LS2.4-BR,onsemi(安森美),ESDONCAN1LT1G,C90849,3
H1,3MM_HOLE,HOLEHOLE,,,,1
H2,3MM_HOLE,HOLEHOLE,,,,1
L1,L0805,L0805,null,L0805,C2908142,2
R2,2.4kΩ,R1206,YAGEO(国巨),SR1206JR-7W2K4L,C5925405,2
R3,15kΩ,R0603,EVER OHMS(天二科技),TR0603D15K0P0550Z,C5250761,2
R4,15kΩ,R0603,EVER OHMS(天二科技),TR0603D15K0P0550Z,C5250761,2
R5,2.4kΩ,R1206,YAGEO(国巨),SR1206JR-7W2K4L,C5925405,2
U1,10UF-C0402,C0402,null,10uF-c0402,C9900008999,2
U100,C0603,C0603,null,C0603,C9900029884,2
U101,10UF-C0603,C0603,null,10UF-C0603,C9900009452,2
U102,120R@100MHZ/200MA-R0603,R0603,null,120R@100MHz/200mA-R0603,C9900007798,2
U103,STM32H723ZGT6,LQFP-144_L20.0-W20.0-P0.50-LS22.0-BL,ST(意法半导体),STM32H723ZGT6,C730146,144
U11,LMG2640RRGR,VQFN-40_L9.0-W7.0-P0.50-TL_TI_RRG0040A-C01,TI(德州仪器),LMG2640RRGR,C44231311,42
U12,XT60,CONN-TH_XT60,AMASS(艾迈斯),XT60-M.,C98733,2
U123,C0603,C0603,null,C0603,C9900029884,2
U124,C0603,C0603,null,C0603,C9900029884,2
U13,1.5uF,CAP-TH_L18.0-W11.0-P15.00-D0.8,TDK,B32672P5155K000,C3799347,2
U14,1.5uF,CAP-TH_L18.0-W11.0-P15.00-D0.8,TDK,B32672P5155K000,C3799347,2
U144,KH-1.27FH-2X5P-H4.3-SMT,CONN-SMD_10P-P1.27_KINGHELM_KH-1.27FH-2X5P-H4.3-SMT,kinghelm(金航标),KH-1.27FH-2X5P-H4.3-SMT,C22440865,10
U15,1.5uF,CAP-TH_L18.0-W11.0-P15.00-D0.8,TDK,B32672P5155K000,C3799347,2
U16,OPA2328,VSSOP-8_L3.0-W3.0-P0.65-LS4.9-BL,null,OPA2328,C9900102793,8
U17,470mΩ,R0402,VO(翔胜),SCR0402JR470,C3017627,2
U18,470mΩ,R0402,VO(翔胜),SCR0402JR470,C3017627,2
U19,470mΩ,R0402,VO(翔胜),SCR0402JR470,C3017627,2
U2,10UF-C0402,C0402,null,10uF-c0402,C9900008999,2
U20,470mΩ,R0402,VO(翔胜),SCR0402JR470,C3017627,2
U21,OPA2328,VSSOP-8_L3.0-W3.0-P0.65-LS4.9-BL,null,OPA2328,C9900102793,8
U23,1.5uF,CAP-TH_L18.0-W11.0-P15.00-D0.8,TDK,B32672P5155K000,C3799347,2
U26,LMG2640RRGR,VQFN-40_L9.0-W7.0-P0.50-TL_TI_RRG0040A-C01,TI(德州仪器),LMG2640RRGR,C44231311,42
U27,C0603,C0603,null,C0603,C9900029884,2
U28,C0603,C0603,null,C0603,C9900029884,2
U29,1K-R0603,R0603,null,1K-R0603,C9900009267,2
U3,170R-R0402,R0402,null,170R-R0402,C9900009493,2
U30,AP2112K-3.3TRG1,SOT-25-5_L2.9-W1.6-P0.95-LS2.8-BL,DIODES(美台),AP2112K-3.3TRG1,C51118,5
U32,170R-R0402,R0402,null,170R-R0402,C9900009493,2
U33,10UF-C0603,C0603,null,10UF-C0603,C9900009452,2
U35,12.5PF-C0402,C0402,null,12.5pF-C0402,C9900019607,2
U36,170R-R0402,R0402,null,170R-R0402,C9900009493,2
U37,170R-R0402,R0402,null,170R-R0402,C9900009493,2
U38,TPSM560R6HRDAR,B3QFN-15_TI_TPSM53603,TI(德州仪器),TPSM560R6HRDAR,C5219341,15
U39,C0603,C0603,null,C0603,C9900029884,2
U4,170R-R0402,R0402,null,170R-R0402,C9900009493,2
U40,C0603,C0603,null,C0603,C9900029884,2
U41,C0603,C0603,null,C0603,C9900029884,2
U42,C0603,C0603,null,C0603,C9900029884,2
U43,1K-R0603,R0603,null,1K-R0603,C9900009267,2
U47,170R-R0402,R0402,null,170R-R0402,C9900009493,2
U48,10UF-C0603,C0603,null,10UF-C0603,C9900009452,2
U49,C0603,C0603,null,C0603,C9900029884,2
U5,170R-R0402,R0402,null,170R-R0402,C9900009493,2
U50,C0603,C0603,null,C0603,C9900029884,2
U51,170R-R0402,R0402,null,170R-R0402,C9900009493,2
U52,C0603,C0603,null,C0603,C9900029884,2
U53,C0603,C0603,null,C0603,C9900029884,2
U54,10UF-C0402,C0402,null,10uF-c0402,C9900008999,2
U55,XT30U-M.G.B,CONN-TH_XT30U-M,AMASS(艾迈斯),XT30U-M.G.B,C19268020,2
U57,10UF-C0402,C0402,null,10uF-c0402,C9900008999,2
U58,TCAN1051VDRQ1,SOIC-8_L4.9-W3.9-P1.27-LS6.0-BL,TI(德州仪器),TCAN1051VDRQ1,C126014,8
U6,170R-R0402,R0402,null,170R-R0402,C9900009493,2
U60,C0603,C0603,null,C0603,C9900029884,2
U61,170R-R0402,R0402,null,170R-R0402,C9900009493,2
U67,12.5PF-C0402,C0402,null,12.5pF-C0402,C9900019607,2
U68,170R-R0402,R0402,null,170R-R0402,C9900009493,2
U69,170R-R0402,R0402,null,170R-R0402,C9900009493,2
U7,10UF-C0603,C0603,null,10UF-C0603,C9900009452,2
U70,TPSM560R6HRDAR,B3QFN-15_TI_TPSM53603,TI(德州仪器),TPSM560R6HRDAR,C5219341,15
U71,TPSM560R6HRDAR,B3QFN-15_TI_TPSM53603,TI(德州仪器),TPSM560R6HRDAR,C5219341,15
U72,170R-R0402,R0402,null,170R-R0402,C9900009493,2
U73,170R-R0402,R0402,null,170R-R0402,C9900009493,2
U74,12.5PF-C0402,C0402,null,12.5pF-C0402,C9900019607,2
U8,10UF-C0603,C0603,null,10UF-C0603,C9900009452,2
U9,1K-R0603,R0603,null,1K-R0603,C9900009267,2
U90,C0603,C0603,null,C0603,C9900029884,2
U91,C0603,C0603,null,C0603,C9900029884,2
U92,C0603,C0603,null,C0603,C9900029884,2
U93,C0603,C0603,null,C0603,C9900029884,2
U94,C0603,C0603,null,C0603,C9900029884,2
U95,C0603,C0603,null,C0603,C9900029884,2
U96,C0603,C0603,null,C0603,C9900029884,2
U97,C0603,C0603,null,C0603,C9900029884,2
U98,C0603,C0603,null,C0603,C9900029884,2
U99,C0603,C0603,null,C0603,C9900029884,2
X2,25MHz,OSC-SMD_4P-L2.5-W2.0-BL,ECS,ECS-2520MV-250-CN-TR,C405464,4
